split,mae,rmse,r2,cluster,model,delta_pct,threshold_pass
XGBoost,11.828312873840332,12.929176441478427,0.36695440111761113,Health_Environment,XGBoost,-66.7,False
Ridge,7.094541344152465,7.570973973364635,0.7829315146779089,Health_Environment,Ridge,0.0,False
XGBoost,9.37091698366053,11.25165668535525,-0.5629602242604876,Clean_Energy,XGBoost,-51.9,False
Ridge,6.169160947238924,7.190586437606243,0.3616724281890513,Clean_Energy,Ridge,0.0,False
XGBoost,3.1967537613476025,3.8451270961592408,0.0,Climate_Action,XGBoost,-1.1,True
Ridge,3.1621247163897523,4.387214457929504,0.0,Climate_Action,Ridge,0.0,False
XGBoost,4.179313659667969,4.845756739404112,-0.6697854846208264,Institutional_Capacity,XGBoost,75.4,True
Ridge,17.000904541674732,21.730836273835266,-32.58074632250557,Institutional_Capacity,Ridge,0.0,False
